{
  "project_info": {
    "project_number": "933113272763",
    "project_id": "label-lens-7fb4e",
    "storage_bucket": "label-lens-7fb4e.appspot.com"
  },
  "client": [
    {
      "client_info": {
        "mobilesdk_app_id": "1:933113272763:android:a2413423128e0b20868c9e",
        "android_client_info": {
          "package_name": "com.example.firebaseconnection"
        }
      },
      "oauth_client": [],
      "api_key": [
        {
          "current_key": "AIzaSyBseDnHUXP6lf3R5oZuDr1mQkE1TCwJGC8"
        }
      ],
      "services": {
        "appinvite_service": {
          "other_platform_oauth_client": []
        }
      }
    },
    {
      "client_info": {
        "mobilesdk_app_id": "1:933113272763:android:2c1b6dcdcf3f176f868c9e",
        "android_client_info": {
          "package_name": "com.example.loginsystem"
        }
      },
      "oauth_client": [],
      "api_key": [
        {
          "current_key": "AIzaSyBseDnHUXP6lf3R5oZuDr1mQkE1TCwJGC8"
        }
      ],
      "services": {
        "appinvite_service": {
          "other_platform_oauth_client": []
        }
      }
    },
    {
      "client_info": {
        "mobilesdk_app_id": "1:933113272763:android:11fc1d616d1922c9868c9e",
        "android_client_info": {
          "package_name": "com.example.test"
        }
      },
      "oauth_client": [],
      "api_key": [
        {
          "current_key": "AIzaSyBseDnHUXP6lf3R5oZuDr1mQkE1TCwJGC8"
        }
      ],
      "services": {
        "appinvite_service": {
          "other_platform_oauth_client": []
        }
      }
    }
  ],
  "configuration_version": "1"
}